Workbook

Sheet Inputs
A1: 29.7 kWp Solar Carport with EV Charging - AUST Campus, Tejgaon
A2: Legend: blue on yellow = design input; black = calculated value.
A4: Parameter | B4: Value | C4: Unit | D4: Note / source
A5: Module rated power (Pmax) | B5: 550 | C5: Wp | D5: Generic 550 Wp mono half-cell; replace with chosen datasheet
A6: Module Voc (STC) | B6: 49.6 | C6: V | D6: Datasheet
A7: Module Vmp (STC) | B7: 41.9 | C7: V | D7: Datasheet
A8: Module Isc (STC) | B8: 14 | C8: A | D8: Datasheet
A9: Module Imp (STC) | B9: 13.13 | C9: A | D9: Datasheet
A10: Temp. coefficient of Voc | B10: -0.27 | C10: %/degC | D10: Datasheet
A11: Temp. coefficient of Pmax | B11: -0.35 | C11: %/degC | D11: Datasheet
A12: Number of modules | B12: 54 | C12: nos | D12: Two portrait rows of 27 modules over 12 bays (2.6 m each)
A13: Modules per string | B13: 18 | C13: nos | D13: Design choice
A14: Number of strings | B14: 3 | C14: nos | D14: MPPT1: strings 1+2, MPPT2: string 3
A15: Inverter / controller AC rating | B15: 25 | C15: kW | D15: 25 kW three-phase string inverter, 2 MPPT
A16: Number of inverters | B16: 1 | C16: nos | D16: -
... A26: Electricity tariff (avoided cost) | B26: 10 | C26: BDT/kWh | D26: Placeholder: use current tariff for this customer class

Sheet String Sizing
A1: String sizing and inverter compatibility
A3: Check | B3: Value | C3: Unit | D3: Limit | E3: Result
A4: DC array capacity | B4: =Inputs!$B$12*Inputs!$B$5/1000 | C4: kWp
A5: DC/AC ratio | B5: =B4/(Inputs!$B$15*Inputs!$B$16) | C5: - | D5: 1.0 - 1.3 | E5: =IF(AND(B5>=1.0,B5<=1.3),"OK","CHECK")
A6: Voc at min temperature (per module) | B6: =Inputs!$B$6*(1+Inputs!$B$10/100*(Inputs!$B$22-25)) | C6: V
A7: String Voc at min temperature | B7: =B6*Inputs!$B$13 | C7: V | D7: =Inputs!$B$17 | E7: =IF(B7<D7,"OK","FAIL")
A8: Vmp at max cell temperature (per module) | B8: =Inputs!$B$7*(1+Inputs!$B$11/100*(Inputs!$B$23-25)) | C8: V
A9: String Vmp at max cell temperature | B9: =B8*Inputs!$B$13 | C9: V | D9: =Inputs!$B$18 | E9: =IF(B9>D9,"OK","FAIL")
A10: String Vmp at STC | B10: =Inputs!$B$7*Inputs!$B$13 | C10: V | D10: =Inputs!$B$19 | E10: =IF(B10<D10,"OK","FAIL")
A11: MPPT input current (strings per MPPT x Imp) | B11: =Inputs!$B$21*Inputs!$B$9 | C11: A | D11: =Inputs!$B$20 | E11: =IF(B11<=D11,"OK","FAIL")
A12: Total modules check | B12: =Inputs!$B$13*Inputs!$B$14 | C12: nos | D12: =Inputs!$B$12 | E12: =IF(B12=D12,"OK","MISMATCH")

Sheet Energy Yield
A1: Monthly energy estimate (hand calculation - verify with PVsyst)
A2: E = kWp x POA x PR. GHI: Meteonorm monthly values for Dhaka (PVsyst). Tilt factor = 1 + (F23 - 1) x tilt/23, an approximation scaled from the PVsyst 23 deg transposition. Replace with site data for best accuracy.
A4: Month | B4: GHI (kWh/m2) | C4: F23 (PVsyst) | D4: Tilt factor | E4: POA (kWh/m2) | F4: Energy (kWh) | G4: kWh/kWp
A5: Jan | B5: 121.1 | C5: 1.277 | D5: =1+(C5-1)*Inputs!$B$24/23 | E5: =B5*D5 | F5: =E5*'String Sizing'!$B$4*Inputs!$B$25 | G5: =F5/'String Sizing'!$B$4
A6: Feb | B6: 130.5 | C6: 1.194 | D6: =1+(C6-1)*Inputs!$B$24/23 | E6: =B6*D6 | F6: =E6*'String Sizing'!$B$4*Inputs!$B$25 | G6: =F6/'String Sizing'!$B$4
A7: Mar | B7: 167.3 | C7: 1.095 | D7: =1+(C7-1)*Inputs!$B$24/23 | E7: =B7*D7 | F7: =E7*'String Sizing'!$B$4*Inputs!$B$25 | G7: =F7/'String Sizing'!$B$4
A8: Apr | B8: 158.6 | C8: 0.996 | D8: =1+(C8-1)*Inputs!$B$24/23 | E8: =B8*D8 | F8: =E8*'String Sizing'!$B$4*Inputs!$B$25 | G8: =F8/'String Sizing'!$B$4
A9: May | B9: 152.1 | C9: 0.948 | D9: =1+(C9-1)*Inputs!$B$24/23 | E9: =B9*D9 | F9: =E9*'String Sizing'!$B$4*Inputs!$B$25 | G9: =F9/'String Sizing'!$B$4
A10: Jun | B10: 120.4 | C10: 0.924 | D10: =1+(C10-1)*Inputs!$B$24/23 | E10: =B10*D10 | F10: =E10*'String Sizing'!$B$4*Inputs!$B$25 | G10: =F10/'String Sizing'!$B$4
A11: Jul | B11: 117.3 | C11: 0.932 | D11: =1+(C11-1)*Inputs!$B$24/23 | E11: =B11*D11 | F11: =E11*'String Sizing'!$B$4*Inputs!$B$25 | G11: =F11/'String Sizing'!$B$4
A12: Aug | B12: 124.8 | C12: 0.971 | D12: =1+(C12-1)*Inputs!$B$24/23 | E12: =B12*D12 | F12: =E12*'String Sizing'!$B$4*Inputs!$B$25 | G12: =F12/'String Sizing'!$B$4
A13: Sep | B13: 118.7 | C13: 1.029 | D13: =1+(C13-1)*Inputs!$B$24/23 | E13: =B13*D13 | F13: =E13*'String Sizing'!$B$4*Inputs!$B$25 | G13: =F13/'String Sizing'!$B$4
A14: Oct | B14: 122.8 | C14: 1.121 | D14: =1+(C14-1)*Inputs!$B$24/23 | E14: =B14*D14 | F14: =E14*'String Sizing'!$B$4*Inputs!$B$25 | G14: =F14/'String Sizing'!$B$4
A15: Nov | B15: 114.3 | C15: 1.243 | D15: =1+(C15-1)*Inputs!$B$24/23 | E15: =B15*D15 | F15: =E15*'String Sizing'!$B$4*Inputs!$B$25 | G15: =F15/'String Sizing'!$B$4
A16: Dec | B16: 108.5 | C16: 1.29 | D16: =1+(C16-1)*Inputs!$B$24/23 | E16: =B16*D16 | F16: =E16*'String Sizing'!$B$4*Inputs!$B$25 | G16: =F16/'String Sizing'!$B$4
A17: Annual | B17: =SUM(B5:B16) | E17: =SUM(E5:E16) | F17: =SUM(F5:F16) | G17: =SUM(G5:G16)
A19: Average energy per day (kWh) | B19: =F17/365
A20: Annual value of energy (BDT) | B20: =F17*Inputs!$B$26
A21: CO2 avoided (t/yr, 0.67 kg/kWh assumed) | B21: =F17*0.67/1000

Sheet EV Charging
A1: How many EVs can the carport charge?
A3: Parameter | B3: Value | C3: Unit | D3: Note
A4: Average PV energy per day | B4: ='Energy Yield'!B19 | C4: kWh/day | D4: From Energy Yield sheet
A5: Energy delivered per EV charging session | B5: 20 | C5: kWh | D5: Input: e.g. 40 kWh car charged 20%->70%
A6: Charger efficiency | B6: 0.93 | C6: - | D6: Input
A7: EV sessions fully covered by solar per day | B7: =B4*B6/B5 | C7: sessions
A8: EV energy use | B8: 0.16 | C8: kWh/km | D8: Input: typical small EV
A9: Solar driving range added per day | B9: =B4*B6/B8 | C9: km/day
A10: Installed charger capacity | B10: 44 | C10: kW | D10: 2 x 22 kW AC chargers
A11: PV inverter AC rating | B11: =Inputs!$B$15 | C11: kW
A12: Peak grid import if both chargers run at noon | B12: =MAX(0,B10-B11*0.85) | C12: kW | D12: Assumes PV at 85% of inverter rating
A13: Note | B13: Grid supplies the gap; smart scheduling (my research) shifts charging into solar hours

Sheet BOQ
A1: Bill of Quantities - 29.7 kWp solar carport + EV charging
A2: Unit rates left blank on purpose: fill from current vendor quotes (yellow cells); totals then calculate.
A4: SL | B4: Item | C4: Specification | D4: Unit | E4: Qty | F4: Unit rate (BDT) | G4: Amount (BDT)
A5: 1 | B5: PV module | C5: 550 Wp mono half-cell, IEC 61215/61730 | D5: nos | E5: 54 | G5: =E5*F5
A6: 2 | B6: String inverter | C6: 25 kW, 3-phase, 2 MPPT, IEC 62109/61727 | D6: nos | E6: 1 | G6: =E6*F6
A7: 3 | B7: Carport steel structure | C7: HDG steel, single slope 10 deg, 12 bays, 2.7 m clear height | D7: lot | E7: 1 | G7: =E7*F7
A8: 4 | B8: Column foundations | C8: RCC pad footing per structural design | D8: nos | E8: 10 | G8: =E8*F8
A9: 5 | B9: DC combiner box | C9: 3-string, isolator, Type II SPD | D9: set | E9: 1 | G9: =E9*F9
A10: 6 | B10: DC solar cable | C10: 4 mm2 PV1-F (3 strings x 2 x 50 m) | D10: m | E10: 300 | G10: =E10*F10
A11: 7 | B11: AC cables | C11: 4C x 16, 4C x 25, 4C x 35 mm2 Cu XLPE | D11: lot | E11: 1 | G11: =E11*F11
A12: 8 | B12: AC DB | C12: MCCB 50 A 4P, RCD, SPD, sub-meter | D12: set | E12: 1 | G12: =E12*F12
A13: 9 | B13: EV charger | C13: 22 kW AC, Type 2, OCPP, RFID | D13: nos | E13: 2 | G13: =E13*F13
A14: 10 | B14: EV charging panel | C14: 2 x MCB 40 A 4P + RCD Type A/B | D14: set | E14: 1 | G14: =E14*F14
A15: 11 | B15: Earthing + lightning protection | C15: Earth pits, bonding of canopy, air terminals | D15: set | E15: 1 | G15: =E15*F15
A16: 12 | B16: Under-canopy LED lights | C16: IP65, 40 W | D16: nos | E16: 12 | G16: =E16*F16
A17: 13 | B17: Installation, testing & commissioning | C17: Labour, testing per IEC 62446 | D17: lot | E17: 1 | G17: =E17*F17
F18: Total | G18: =SUM(G5:G17)
F19: Cost per Wp | G19: =IFERROR(G18/('String Sizing'!B4*1000),0)

Sheet Simulation Parameters
A1: PVsyst simulation parameters
A3: Step | B3: Parameter | C3: Value
A4: 1. Project | B4: Project type | C4: Grid-connected
A5: 1. Project | B5: Site / weather | C5: AUST, Tejgaon, Dhaka: 23.76 N, 90.41 E, UTC+6; Meteonorm 9.0 monthly data, synthetic hourly year
A6: 2. Orientation | B6: Tilt / azimuth | C6: Fixed tilted plane, 10 deg, azimuth 0 deg
A7: 3. System | B7: PV + inverter | C7: 18 modules in series x 3 strings; 25 kW three-phase inverter, Multi-MPPT
A8: 3. System | B8: User's needs | C8: EV charging profile: 4 sessions x 20 kWh on working days
A9: 4. Detailed losses | B9: Thermal / soiling | C9: Free mounted with air circulation (Uc 29 W/m2K); soiling 3%
A10: 5. Near shadings | B10: 3D scene | C10: Two PV tables (27 x 1 portrait) at z = 2.7 m and 3.1 m, tilt 10 deg
A11: 6. Target | B11: Specific yield / PR | C11: 1,250-1,350 kWh/kWp/yr (37-40 MWh/yr), PR ~0.80
