Workbook

Sheet Inputs
A1: 11 kWp Grid-Tied Rooftop PV, Mirpur, Dhaka - Design Inputs
A2: Legend: blue text on yellow = input you can change. Black = formula. All other sheets update automatically.
A4: Parameter | B4: Value | C4: Unit | D4: Note / source
A5: Module rated power (Pmax) | B5: 550 | C5: Wp | D5: Typical 550 Wp mono PERC, 144 half-cell; replace with chosen datasheet
A6: Module Voc (STC) | B6: 49.6 | C6: V | D6: Datasheet
A7: Module Vmp (STC) | B7: 41.9 | C7: V | D7: Datasheet
A8: Module Isc (STC) | B8: 14 | C8: A | D8: Datasheet
A9: Module Imp (STC) | B9: 13.13 | C9: A | D9: Datasheet
A10: Temp. coefficient of Voc | B10: -0.27 | C10: %/degC | D10: Datasheet
A11: Temp. coefficient of Pmax | B11: -0.35 | C11: %/degC | D11: Datasheet
A12: Module length | B12: 2.278 | C12: m | D12: Datasheet
A13: Module width | B13: 1.134 | C13: m | D13: Datasheet
A14: Number of modules | B14: 20 | C14: nos | D14: Fits 20 m x 14 m roof with 1 m setback, see drawing PV-01
A15: Modules per string | B15: 10 | C15: nos | D15: Design choice
A16: Number of strings | B16: 2 | C16: nos | D16: One string per MPPT
... A26: Grid tariff (avoided cost) | B26: 10 | C26: BDT/kWh | D26: Placeholder: use current DPDC/DESCO commercial tariff

Sheet String Sizing
A1: String sizing and inverter compatibility check
A3: Check | B3: Value | C3: Unit | D3: Limit | E3: Result
A4: DC array capacity | B4: =Inputs!$B$14*Inputs!$B$5/1000 -> 11 | C4: kWp
A5: DC/AC ratio | B5: =B4/Inputs!$B$17 -> 1.2222222 | C5: - | D5: 1.0 - 1.3 | E5: =IF(AND(B5>=1,B5<=1.3),"OK","CHECK") -> OK
A6: Voc at min temperature (per module) | B6: =Inputs!$B$6*(1+Inputs!$B$10/100*(Inputs!$B$22-25)) -> 51.87664 | C6: V
A7: String Voc at min temperature | B7: =B6*Inputs!$B$15 -> 518.7664 | C7: V | D7: =Inputs!$B$18 -> 1000 | E7: =IF(B7<D7,"OK","FAIL") -> OK
A8: Vmp at max cell temperature (per module) | B8: =Inputs!$B$7*(1+Inputs!$B$11/100*(Inputs!$B$23-25)) -> 35.30075 | C8: V
A9: String Vmp at max cell temperature | B9: =B8*Inputs!$B$15 -> 353.0075 | C9: V | D9: =Inputs!$B$19 -> 150 | E9: =IF(B9>D9,"OK","FAIL") -> OK
A10: String Vmp at STC | B10: =Inputs!$B$7*Inputs!$B$15 -> 419 | C10: V | D10: =Inputs!$B$20 -> 750 | E10: =IF(B10<D10,"OK","FAIL") -> OK
A11: String design current (1.25 x Isc) | B11: =1.25*Inputs!$B$8 -> 17.5 | C11: A | D11: =Inputs!$B$21 -> 16 | E11: =IF(B11<=D11*1.25,"OK (Isc within inverter short-circuit rating)","CHECK") -> OK (Isc within inverter short-circuit rating)
A12: Total modules check | B12: =Inputs!$B$15*Inputs!$B$16 -> 20 | C12: nos | D12: =Inputs!$B$14 -> 20 | E12: =IF(B12=D12,"OK","MISMATCH") -> OK
A14: Note: string current check uses 1.25 x Isc as the conductor/fuse design current; confirm the inverter's max short-circuit input current on its datasheet.

Sheet Energy Yield
A1: Monthly energy yield estimate (hand calculation, to be compared with PVsyst)
A2: E = Capacity (kWp) x POA irradiation (kWh/m2) x PR. GHI: approximate long-term Dhaka averages (NASA POWER-type data); tilt factor: approximate GHI-to-23 deg plane gain. Replace with PVGIS/Meteonorm values.
A4: Month | B4: Days | C4: GHI (kWh/m2/day) | D4: Tilt factor | E4: POA (kWh/m2/month) | F4: Energy (kWh) | G4: Specific yield (kWh/kWp)
A5: Jan | B5: 31 | C5: 4.3 | D5: 1.25 | E5: =B5*C5*D5 -> 166.625 | F5: =E5*'String Sizing'!$B$4*Inputs!$B$25 -> 1374.6562 | G5: =F5/'String Sizing'!$B$4 -> 124.96875
A6: Feb | B6: 28 | C6: 5 | D6: 1.15 | E6: =B6*C6*D6 -> 161 | F6: =E6*'String Sizing'!$B$4*Inputs!$B$25 -> 1328.25 | G6: =F6/'String Sizing'!$B$4 -> 120.75
A7: Mar | B7: 31 | C7: 5.6 | D7: 1.06 | E7: =B7*C7*D7 -> 184.016 | F7: =E7*'String Sizing'!$B$4*Inputs!$B$25 -> 1518.132 | G7: =F7/'String Sizing'!$B$4 -> 138.012
A8: Apr | B8: 30 | C8: 5.9 | D8: 0.98 | E8: =B8*C8*D8 -> 173.46 | F8: =E8*'String Sizing'!$B$4*Inputs!$B$25 -> 1431.045 | G8: =F8/'String Sizing'!$B$4 -> 130.095
A9: May | B9: 31 | C9: 5.6 | D9: 0.92 | E9: =B9*C9*D9 -> 159.712 | F9: =E9*'String Sizing'!$B$4*Inputs!$B$25 -> 1317.624 | G9: =F9/'String Sizing'!$B$4 -> 119.784
A10: Jun | B10: 30 | C10: 4.4 | D10: 0.91 | E10: =B10*C10*D10 -> 120.12 | F10: =E10*'String Sizing'!$B$4*Inputs!$B$25 -> 990.99 | G10: =F10/'String Sizing'!$B$4 -> 90.09
A11: Jul | B11: 31 | C11: 4.3 | D11: 0.92 | E11: =B11*C11*D11 -> 122.636 | F11: =E11*'String Sizing'!$B$4*Inputs!$B$25 -> 1011.747 | G11: =F11/'String Sizing'!$B$4 -> 91.977
A12: Aug | B12: 31 | C12: 4.4 | D12: 0.96 | E12: =B12*C12*D12 -> 130.944 | F12: =E12*'String Sizing'!$B$4*Inputs!$B$25 -> 1080.288 | G12: =F12/'String Sizing'!$B$4 -> 98.208
A13: Sep | B13: 30 | C13: 4.2 | D13: 1.02 | E13: =B13*C13*D13 -> 128.52 | F13: =E13*'String Sizing'!$B$4*Inputs!$B$25 -> 1060.29 | G13: =F13/'String Sizing'!$B$4 -> 96.39
A14: Oct | B14: 31 | C14: 4.5 | D14: 1.12 | E14: =B14*C14*D14 -> 156.24 | F14: =E14*'String Sizing'!$B$4*Inputs!$B$25 -> 1288.98 | G14: =F14/'String Sizing'!$B$4 -> 117.18
A15: Nov | B15: 30 | C15: 4.4 | D15: 1.22 | E15: =B15*C15*D15 -> 161.04 | F15: =E15*'String Sizing'!$B$4*Inputs!$B$25 -> 1328.58 | G15: =F15/'String Sizing'!$B$4 -> 120.78
A16: Dec | B16: 31 | C16: 4.1 | D16: 1.28 | E16: =B16*C16*D16 -> 162.688 | F16: =E16*'String Sizing'!$B$4*Inputs!$B$25 -> 1342.176 | G16: =F16/'String Sizing'!$B$4 -> 122.016
A17: Annual | B17: =SUM(B5:B16) -> 365 | E17: =SUM(E5:E16) -> 1827.001 | F17: =SUM(F5:F16) -> 15072.758 | G17: =SUM(G5:G16) -> 1370.2507
A19: Annual savings (BDT) | B19: =F17*Inputs!$B$26 -> 150727.58
A20: CO2 avoided (t/yr) | B20: =F17*0.67/1000 -> 10.098748 | C20: Grid emission factor 0.67 kgCO2/kWh assumed for Bangladesh grid; verify.

Sheet Cable Sizing
A1: Cable voltage-drop check (copper, resistivity 0.0175 ohm.mm2/m at 20 degC; ~0.0225 at 70 degC used)
A3: Circuit | B3: Type | C3: Length one-way (m) | D3: Current (A) | E3: Size (mm2) | F3: Voltage (V) | G3: Voltage drop (V) | H3: Drop (%) | I3: Limit (%) | J3: Result
A4: String A to combiner | B4: DC | C4: 25 | D4: =Inputs!$B$9 -> 13.13 | E4: 4 | F4: ='String Sizing'!B10 -> 419 | G4: =2*C4*D4*0.0225/E4 -> 3.6928125 | H4: =G4/F4*100 -> 0.8813395 | I4: 1.5 | J4: =IF(H4<=I4,"OK","UPSIZE") -> OK
A5: String B to combiner | B5: DC | C5: 30 | D5: =Inputs!$B$9 -> 13.13 | E5: 4 | F5: ='String Sizing'!B10 -> 419 | G5: =2*C5*D5*0.0225/E5 -> 4.431375 | H5: =G5/F5*100 -> 1.0576074 | I5: 1.5 | J5: =IF(H5<=I5,"OK","UPSIZE") -> OK
A6: Inverter to AC DB | B6: AC 3-ph | C6: 10 | D6: =Inputs!$B$17*1000/(SQRT(3)*400*0.99) -> 13.121597 | E6: 6 | F6: 400 | G6: =SQRT(3)*C6*D6*0.0225/E6 -> 0.85227273 | H6: =G6/F6*100 -> 0.21306818 | I6: 1 | J6: =IF(H6<=I6,"OK","UPSIZE") -> OK
A7: AC DB to MDB via net meter | B7: AC 3-ph | C7: 20 | D7: =D6 -> 13.121597 | E7: 10 | F7: 400 | G7: =SQRT(3)*C7*D7*0.0225/E7 -> 1.0227273 | H7: =G7/F7*100 -> 0.25568182 | I7: 1 | J7: =IF(H7<=I7,"OK","UPSIZE") -> OK

Sheet BOQ
A1: Bill of Quantities - 11 kWp rooftop PV
A2: Unit rates left blank on purpose: fill them from current vendor quotes (yellow cells); totals, cost per Wp and payback then calculate.
A4: SL | B4: Item | C4: Specification | D4: Unit | E4: Qty | F4: Unit rate (BDT) | G4: Amount (BDT)
A5: 1 | B5: PV module | C5: 550 Wp mono PERC half-cell, IEC 61215/61730 | D5: nos | E5: =Inputs!$B$14 -> 20 | F5: 0 | G5: =E5*F5 -> 0
A6: 2 | B6: Grid-tied inverter | C6: 9 kW, 3-phase, 2 MPPT, IEC 62109/61727 | D6: nos | E6: 1 | F6: 0 | G6: =E6*F6 -> 0
A7: 3 | B7: Module mounting structure | C7: Hot-dip galvanized / Al, 23 deg fixed tilt, wind-rated | D7: kWp | E7: ='String Sizing'!B4 -> 11 | F7: 0 | G7: =E7*F7 -> 0
A8: 4 | B8: DC combiner / isolator box | C8: 2-string, gPV fuses 15 A, 1000 V DC isolator, Type II SPD | D8: set | E8: 1 | F8: 0 | G8: =E8*F8 -> 0
A9: 5 | B9: DC solar cable | C9: 4 mm2 PV1-F, red + black | D9: m | E9: =2*('Cable Sizing'!C4+'Cable Sizing'!C5)*1.1 -> 121 | F9: 0 | G9: =E9*F9 -> 0
A10: 6 | B10: DC cable | C10: 6 mm2 PV1-F, combiner to inverter | D10: m | E10: 10 | F10: 0 | G10: =E10*F10 -> 0
A11: 7 | B11: MC4 connectors | C11: 1000 V, IP67, pairs | D11: pair | E11: 8 | F11: 0 | G11: =E11*F11 -> 0
A12: 8 | B12: AC cable | C12: 4C x 6 mm2 Cu XLPE, inverter to AC DB | D12: m | E12: ='Cable Sizing'!C6*1.1 -> 11 | F12: 0 | G12: =E12*F12 -> 0
A13: 9 | B13: AC cable | C13: 4C x 10 mm2 Cu XLPE, AC DB to MDB | D13: m | E13: ='Cable Sizing'!C7*1.1 -> 22 | F13: 0 | G13: =E13*F13 -> 0
A14: 10 | B14: AC distribution board | C14: MCCB 20 A 4P, RCD, Type II AC SPD, IP65 | D14: set | E14: 1 | F14: 0 | G14: =E14*F14 -> 0
A15: 11 | B15: Earthing system | C15: Earth pit with 16 mm2 Cu conductor, chemical earthing | D15: set | E15: 2 | F15: 0 | G15: =E15*F15 -> 0
A16: 12 | B16: Lightning protection | C16: ESE/conventional air terminal with down conductor | D16: set | E16: 1 | F16: 0 | G16: =E16*F16 -> 0
A17: 13 | B17: Bi-directional net meter | C17: As per DPDC/DESCO net metering requirements | D17: nos | E17: 1 | F17: 0 | G17: =E17*F17 -> 0
A18: 14 | B18: Conduits, trays, accessories | C18: UV-resistant PVC conduit, GI tray, glands, lugs | D18: lot | E18: 1 | F18: 0 | G18: =E18*F18 -> 0
A19: 15 | B19: Installation, testing & commissioning | C19: Labour, testing per IEC 62446 | D19: lot | E19: 1 | F19: 0 | G19: =E19*F19 -> 0
F20: Total | G20: =SUM(G5:G19) -> 0
F21: Cost per Wp | G21: =IFERROR(G20/('String Sizing'!B4*1000),0) -> 0
F22: Simple payback (yr) | G22: =IFERROR(G20/'Energy Yield'!B19,0) -> 0
